text,label,notes
"I couldn't care too much about playing [France]. ... They're probably going to win against us, they're probably going to win the whole tournament",Prediction,
Cristiano Ronaldo hits his 975th career goal and his 10th in FIFA World Cup to become the leading goal scorer for Portugal in World Cup history.,Analysis,
WHAT A FANTASTIC GOAL FROM WILSON ISIDOR FOR HAITI AGAINST MOROCCO!,Reaction,
"I've played for 20 years now, and I've hit a strike from that far once off of a one touch, and I must say the feeling that overwhelmed me during that was something I will never forget! What a shot, this forsure will be a top 10 at tournament end. Still have my fingers crossed for a Jedi type goal soon!",Reaction,
Haitian coach should be heavily criticized for not starting him sooner. Perriot has been horrific and he waited until they were eliminated to finally bench Perriot for Isidor.,Analysis,
One of the best in the tournament so far. Wouldn't be surprised to see it in the top 10 goals at the end of the tournament.,Prediction,It is a present evaluation followed by a future forecast. Labeled predicition because the primary claim is about the goal's future standing.
Curaçao goalkeeper Eloy Room makes World Cup history with 15 saves,Analysis,
Good to see goalkeepers finally getting recognition,Reaction,
"I geniunely can't think of a worse performance at a world cup than Scotland in this game. Everything about it was really, REALLY bad. The tactics alone... Of all the teams to try to take the game to and beat instead of just trying to grind out a draw they chose Brazil?!",Reaction,
"The flow of this game was pure chaos and I was completely here for it. Haiti never quit even when the goals started piling up, and that second half had no business being that entertaining.",Reaction,
I became a Haiti fan tonight sitting in section 232. What a blast. Allonz-y!,Reaction,
Egypt secure their first-ever FIFA World Cup victory in 92 years.,Analysis,
Wow New Zealand really is terrible,Reaction,
92 years?! Well good job Egypt 🎉,Reaction,
So happy with the expansion to see players like Mo Sallah shine on the world stage!,Reaction,
Lionel Messi breaks men’s World Cup record and becomes all-time leading scorer,Analysis,
Mbappe will surpass. They’re both amazing players. Let’s celebrate them both.,Prediction,
"100% he just played 16 matches and 16 goals and for messi its his last world cup so If not in this World Cup, then maybe in the next one Mbappe could break the record.",Prediction,
It won't be long before Jonathan David overtakes him tho,Prediction,
I love your energy. We're happy for his hat trick... but be real. The Canada v Qatar results won't be repeated. David won't finish near the top score stats by end of this world cup.,Prediction,
The other current player to watch approaching Messi's all-time goal count is Mbappé.,Analysis,
Love seeing the full team huddle together after a hard-fought three points,Reaction,
2030 he will get called up 5 days before. Just wait.,Prediction,
Can’t wait for England to get knocked outtt,Prediction,
"They were great defensively but only had like 1 shot on target. Ghana cannot win with this defensive structure. They will have to change for the knockout stage, where you cannot just draw.",Analysis,Contains a future-oriented statement but the the primary purpose is analyzing Ghana's current tactics
Good Luck against Argentina (you're gonna need it).,Prediction,
"Great team, they were quite fun to watch. Cool for them to advance from the second place, even if the get Argentina for their efforts. Maybe they aren't the best technically, but I like that they really tried. Hope to see them again next time.",Reaction,
"For us Austrians it was not a bad game actually. I think we did much better here than against Jordan. We just lack the ability to crack Argentina's defense. The second goal in the last minute we blocked well but then suddenly froze when Messi touched the ball. But at the same time, c'mon, Argentina is number one in FIFA and it's no surprise they simply play better overall. Still proud of our team though.",Analysis,It has emotional / reaction framing but the core is tactical observations so it is analysis
"I think Austria’s defense was solid, and Alaba played really well, but Austria just didn’t have that offensive threat.",Reaction,
"Pretty disappointing from Austria. Not enough mouvement up front, no dynamism, no rhythm shifts up front, no risk taken... How many time an Austrian player tried to make another pass in a short space instead of trying to center it ? I mean you want to play like Spain against this Argentina? That's Rangnick's fault. A very German lost, don't adapt, don't change, don't think.",Analysis,
"Very frustrating to watch. Seemed like Korea had no strategy at all, zero effort, and players gave up. They kept going for crosses but the height disadvantage blocked them every time, no attempt at target either. As someone else said, they were probably going for the tie, but had no plan for trailing 0-1 behind. Hope they can regroup and play better provide they get lucky to play in round of 32.",Analysis,
I was shocked that the Koreans played such a lackadaisical game. They showed no real urgency until very late and at that point they had very little time left to tie it up against an SA side that had firmly parked the bus. It's like they came in expecting to play a game against a team that they could beat or tie with minimal effort and by the time they realized that wasn't the case the Korean players had trouble finding another gear and the game slipped away.,Analysis,
Colombia is underrated and will kick out Argentina in the quarters,Prediction,
"The system is set up so lots of average and worse teams will get through. The winners will be one of France, Spain, or Argentina. Everyone else is not on that level.",Prediction,
This happens every world cup/ any kind of tournament. At least one small team will exceed expectations and a bigger nation won't go as far as expected.,Prediction,Edge case because it uses evidence for a future-oriented claim. Prediction because it is the main claim
Panama plays so dirty compared to Croatia who really play so clean imo. You can even see most of them keeping their hands back to avoid any pushing.,Analysis,
Well. If they play a defensive match like they did against Spain they are doomed. And they are probably going to do it so they are doomed. Reason is very simple: Argentina has Messi and he can make anything happen even against the most defensive setup you can imagine. I expect a match quite similar to Argentina vs Iran or Argentina vs Switzerland in the 2014 WC.,Prediction,
"If they get one goal and keep Argentina under 7 goals, it will be a victory for Cape Verde. 🇨🇻 I am setting my expectations really really low. Anything above that is gravy. Remember, Messi is arguably the best of all time, and the rest of Argentina are no slouches.",Prediction,
"Australia held more possession and shots, but both goalkeepers walked away with clean sheets",Analysis,
"Iran will be eliminated without losing a match and 2 game winners are not getting counted, 2-3 shots coming off posts too. These are on top of special bullying they had to endure",Analysis,
They will turn it up in the knock out stage.,Prediction,
"To be honest and realistic: no one really thinks that we could win this tournament with our team. Especially not after loosing Schlotterbeck. But even without him, we don’t believe it would happen. The last two tournaments showed it. We could be happy, that we are now out of the group stage.",Prediction,
"England ain't making it. I think Germany vs France is a likely outcome, though.",Prediction,
Morocco def coming out on top but love that Haiti is making this competitive even tho they’re out,Prediction,
i’m actually happy for Haiti they deserved at least one goal this tournament,Reaction,
Messi is one of the dirtiest players of football ever. He can dribble like a legend but he plays like a narcissist. Just remember that his team was already ahead by a goal when he did that body (not ball) abuse.,Analysis,
Qatar were embarrassing,Reaction,
"Oh my god, what a goal by Messi against Algeria",Reaction,
Reportedly 400 000 fans celebrated the Mexico victory against South Korea,Analysis,
"Despite the narrative, Cristiano Ronaldo didn't brush off questions about Lionel Messi. He answered about Messi cordially over 3 times before asking the ""Reporters"" to focus on Portugal and only ask questions that were relevant to the Portugal v Uzbekistan game that had just taken place",Analysis,
"Such a beautiful game is football , what a showcase from Cabo Verde GK",Reaction,
"GHANA SCORES IN STOPPAGE TIME!!!! INCREDIBLE RUN, INCREEDIBLE GOAL!",Reaction,
Defense fell apart. Slide tackle was not the move here .. it was covering space and if the tackle was to be taken it had to be a tactical foul... And then everyone went near post instead of marking runners.,Analysis,
"How am I the only one who's extremely skeptical and disappointed in how we played against Australia in the second half? Australia is an OK team. They are not good, despite what people in here are claiming. We're not going to make it past the first elimination round if we give another second half like that. We looked like the team USA that was losing to 5th-rate teams last year and that truly terrifies any hope I have for making it deep into the tournament.",Prediction,"Edge case (Reaction vs Prediction). Emotional framing (skeptical, terrifies) motivates the post, but per Rule 1 the primary communicative purpose is the forecast about tournament prospects (won't make it past the first elimination round). Emotion frames the prediction rather than being the point."
Marcelo Bielsa was left absolutely FURIOUS in his post match interview after Uruguay failed to qualify for the World Cup knockouts,Analysis,
Japan will be the first non European and South American country to win the world cup,Prediction,
Morocco has been 40 games in a row Undefeated... they are much closer to a world Cup Win than Japan. Not to mention eliminating Portugal and Spain last world cup.,Analysis,"It is evidence driven. Even though it mentions an outcome, it just argues that Morocco is stronger than Japan"
"I do like them but winning the WC though, not sure when that will be but agree they will be the first Asian country to do so",Prediction,
"Ghana, Canada, or the USA. Would be the 3 most likely in my opinion. Not this WC but in the future",Prediction,
I think it will be an African nation to do it. But I agree Japan is strong and easily the best Asian team.,Prediction,
"Portuguese journalist gives his opinion on Cristiano Ronaldo: ""The problem is not his age. It is that nobody seems willing to tell him to his face what everyone else can see"". Do you agree?",Analysis,
"The best I have seen a USA team play in a long time. Great to see, hope it continues.",Reaction,
What a game and result,Reaction,
What a great great game by Japan!!! 🙌🏼,Reaction,
Japan to eliminate Brazil - you read it here first,Prediction,
Korea are so fun to watch. Their match against Mexico is going to be cinema,Reaction,
"Mexico - 7/10. A decent performance. They never looked in trouble after getting an early goal, despite not peforming at their full potential. Looked sharp going forward. Lots of pace and trickery in midfield and the wings, with Raul Jiminez giving them the physicality and strength up front. I'm surprised they didn't push for more with SA already being one man down early in the second half. Lacked concentration towards the end of the game, conceding a sloppy and unnecessary red card.",Analysis,
I think Croatia looked a bit better than I expected them to honestly and this is the first year that I’ve felt England have a good chance at actually bringing it home. They’re not missing a single piece,Prediction,
Terrible refereeing,Reaction,
Whatta match it was!!,Reaction,
Anybody felt Messi a bit slow? I really loved his goals but the ball got de-possessed 16 times from EASILY compared to other Argentinian players. And he made some bad passes. Why’s no one talking about it? Tbh I didn’t enjoy his game yesterday.,Analysis,
"18th World Cup Goal for Lionel Messi, his 5th goal in 2 matches at FIFA World Cup 2026.",Analysis,
His career is truly astonishing. Messi！！！！,Reaction,
USA World Cup goals are literally shaking Seattle's Lumen Field,Analysis,
Probably the best match of the world cup thus far. Very entertaining and England deserved the win with what they showed in the 2nd half,Reaction,
"Congratulations, lads! Team looked dangerous throughout against a formidable opponent and a stellar keeper. I expect great things from this squad.",Reaction,
England’s team is stacked!!! It is their World Cup to lose!!!!,Prediction,
"Our defence will be suspect against better teams. I still think we're missing a talisman like slabhead to organise the back line, even if Pickford can do a job of it",Prediction,The main claim is future-oriented so prediction
"Morocco makes World Cup history, fields 11 foreign-born players",Analysis,
south korea are officially eliminated from the world cup,Analysis,
"They needed a threat to run in behind. Like turkey, everything was side to side showing to feet. Hwang Hee-chan looked dynamic for the little time he played but the coach didn’t play him",Analysis,
Julián Quiñones becomes the first player from CONCACAF and first Mexican player to score the opening goal in a World Cup opening match.,Analysis,
Surprising about how much space he was getting on his shots,Reaction,
i was sceptical at first admittedly but i love these extra matches. watching smaller teams challenge the favourites to win and pulling off feats like this has been sooooo rewarding,Reaction,
This was a hard game to watch honestly,Reaction,
Sweden was sleeping first 15 min in both half times.. but Netherlands is the stronger team,Analysis,
Netherlands put some great balls between the GK and the defence and they converted them into 4 goals. Great cohesion shown by the dutch.,Analysis,
Sweden could use 2 top D-men and a new goalie. Offensively they look good but they need to produce a couple more Lindelofs.. Ravelli would've caught at least one of those..,Analysis,
"Great match! Considering how good NZ were, I am happy with a draw, but if we were more clinical we could have stolen it - 2 big games ahead!",Reaction,
"I enjoyed this match，it was fast-paced and the transitions between offense and defense were exciting. Both sides played very aggressively, and the game wasn't one-sided. The tactical execution and suspense were excellent. I think it was the most exciting match so far. Both teams deserve praise.",Reaction,The tactical vocabulary is used as reasons on why the game was fun to watch. Reaction since it primarily expresses excitement and praise
"Came in with no expectations, got surprised by how fun the game was. Such a great year when the worst teams can play well.",Reaction,
Jordanian fans clean stadium after game in San Francisco,Analysis,
It's frustrating that Morocco or the Netherlands will have to leave the tournament so early.,Reaction,
England are unlikely to face Scotland as Scotland are unlikely to qualify.,Prediction,
FIRST HALF HATTRICK FOR DEMBELE… WHAT A BALLER HE IS 🔥 3 : 1 to FRANCE What can stop France attack in this tournament?,Reaction,
sweden will stop it i am sure #nocope 🙂‍↔️,Prediction,
Viral Cabo Verdean World Cup goalie to be reunited with mom in Miami,Analysis,
"I don't understand why the dutch kept trying to dribble instead of going for more headers, you gotta take advantage of that height difference",Analysis,The main idea is the specific tactical obsevation with reasoning. Analyis even though it is short
"Japon team earned the score, they worked hard for it",Reaction,
"Netherlands dominated possession and shot volume, yet Japan fought back brilliantly to grab a late equalizer. This draw feels fair for how fiercely both sides battled for the win.",Analysis,
Absolutely good game,Reaction,
"If Japan plays like that for every game they’re going to make it far! I personally think Netherlands could’ve been more refined, I still have them for the finals.",Prediction,
Unbelievable match!! Two GREAT Team,Reaction,
"First half was disapointing but second half was a great watch! These are two very good teams, will be interesting how far these two can go after the second half",Reaction,
This was just a hiccup for Netherlands due to some bad subs. They should go far this tournament,Prediction,
I said it after the Japan game and everyone hated. This Netherlands team means business. They’re offense is a bit wobbly but that midfield and defense will carry them through games,Prediction,
"As a Dutchman, it feels like they (still) have to find a comfortable lineup. The idea at first was to have Malen as striker, because he had a very good club season, but during the friendlies and against Japan he just wouldn't finish his shots. Using Brobbey as striker was an experiment, that seemingly worked. It's good they found something that worked, but it still feels like they need to do some finetuning and experimenting before they get it right. That's a bit worrying looking at the fact the world cup already started…",Analysis,
Fifa is considering expanding the format even further to 64 teams as early as 2030,Analysis,
"The hosts for 2030 can really only handle 32 teams, 48 is already pushing it. A 64 team tournament could realistically only be handled by 2 host countries in the world: USA and China.",Analysis,
"I think the only issue is with the expanded world cup we currently have is i watched the first 2 games for most groups and gave up until elimination. Adding more may add fatigue as a fan and i guess to players as well. as other people said make it single elim with less games , more teams , higher stakes and thats better",Reaction,
that s really a shame they should really change the coach,Reaction,
"The two striker formation worked well, good interplay between Isak and Gyko its a dangerous combo. Tunisia unfortunately are not up for this match and we're overmatched and overpowered. It's going to be a rough WC for the Eagles of Carthage.",Analysis,"The bulk of the sentence is a current-match tactical analysis. It ends with a short forecast but the main claim is the analysis. The shost is too broad or not specific enough to count as a prediction, and the main focus on top of that."
Yea defense and keeper was poor their general plan waa good  idea but once they went behind and had to chase so early he had no adjustments. Someone had to be the scapegoat for that awful performance.,Analysis,Has emotional framing around the main analytical core so analysis
"Tunisia have adopted a more 'progressive' brand of football relative to their defensively focused football they've played at previous tournaments, and surprise surprise this is the almost inevitable result. International football is about managing your resources, you can't go out and get better players beyond convincing dual nationals so it's better to play a style of football that's better suited to what you actually have. It's no coincidence that they conceded five against Belgium and three against Nigeria who aren't even qualified.",Analysis,
"Great start for Sweden, though to be honest we only felt like a complete team up top. Our midfield and defence wasn't exactly tested by Tunisia, and it still felt inadequate. I can pray for a miracle, but if we flame out, at least the Norwegians can carry the Norse flame onwards - I have them with an outside chance of making it to the finals.",Analysis,"hardest edge case with a three-way mix. The leand and the bulk is the Sweden self-assessment using observation. The Norway prediction is added ""on the side"" so it is not the main purpose. The emotional lines mainly frame the analytical core. Leans closer to analysis"
Wow this WC is going to blow away previous competitions in average goals per match.,Prediction,"future oriented main claim with no supporting evidence. The ""wow"" is emotional framining and not the point"
As a Japanese fan I am now worried about our game against them. They have a clinical attack with great players. I think we are better than them in the midfield and defensively but still.,Reaction,Emotional worry about an upcoming match without explaining why one side's midfield/attack is better
Unwatchable. Had to be 30 minutes straight of each attacking drive ending in a foul.,Reaction,
"Very nervous start of a new team with new coach vs a seasoned team who did well last WC. Maybe it's not bad for Brazil to get a rough start, it can bond the team. Let's see how the squad and coach will react",Reaction,
"I think most people have it the other way around here. People saying Brazil doesn't have the defense. Brazil never relied on their defense. Problem with Brazil is that since 2006 they haven't had a proper no 9. Luis Fabiano, Fred, Jesus, Thiago since the 2006 World Cup. They are not the guys that win you the tournament. As good as their midfield and wingers always were it's the no9 that's won them the world cup. Pele, Romario, Ronaldo. That's what Brazil is missing. Not defenders.",Analysis,
"While Brazil still possesses attacking talent up front (with this generation) vini,raphininia,Estevao,Endrick they have lacked talent at the back . Players in the past such as Roberto Carlos,alves,militao,Cafu and Marcelo . This is why Brazil was a joy to watch.",Analysis,
"After watching the whole game, I came away thinking Brazil's attacking talent isn't the problem. Their forwards can still create moments out of nothing, but the build-up from midfield into the final third wasn't clean enough. There were too many attacks that stalled before they really became dangerous. What concerns me more is the defense. It doesn't look particularly settled right now, and against stronger opposition those defensive lapses could be punished much more harshly. I still think Brazil are contenders, but there are definitely some warning signs beneath the result.",Analysis,
"Morocco are still one of the most underrated teams in international football. Brazil had plenty of possession, but their ball progression through midfield wasn't clean enough. Morocco stayed organized, defended well, and looked comfortable whenever they had the ball.",Analysis,
Possession was 70% for Morocco in first half and 30 for Brazil then it went 50 50 for both team,Analysis,
"Morocco had a great WC last time. This is not surprising, tho it is very cool!",Reaction,
"In my opinion, the downfall for Brazil seemed to start back in 2014 when Brazil got hammered 7-1 by Germany on their own turf. It seems like they still have never recovered from that. This is definitely not the Brazilian team I grew up watching. Or maybe the rest of the world is catching up. But long gone are the glory days of 1994, 1998 (yeah I know they lost, but they still made the final) and 2002.",Analysis,
I love how everyone here is trying to dictate the rest of the tournament off of one game. It was a tie. Brazil played terrible first half - midfield was a major problem. So are the LB’s and RB’s but they know that and need to adjust.,Analysis,
The reality is - Morocco played against terrible Brazil performance first half and all they could get was a tie. Off of a lucky chance (defensive mistake). Apart from that - they created nothing. Brazil had way more chances and looked much better second half. They’ll win the group.,Prediction,
"Brazil played terrible first half - midfield was a major problem. An excellent team can force a good team to make errors. Morocco had a really aggressive style of play and Brazil could not cope with it until Morocco tired out a bit. I don't agree that Brazil played terrible, I think in the opening 20 minutes they were completely outclassed.",Analysis,
"Didn't like brazil team, too many wrong passes, the defense line was too soft, our goal was based totally on individual skill, even tho it was clear morocco ended up spending too much energy at start... I dunno, guess we lack training time with the same squad and couch",Analysis,
Well Done Norway. I must say tho I felt with better finishing Senegal could have at least tied. Yes Haaland is amazing but theres holes in that defense and France will find them.,Analysis,Contains a forecast but the analysis dominates. The main purpose is the present-match analysis
"True, France has the depth Norway lacks but Norway has a special energy that can take them very far just like Sweden in wc 94.",Prediction,main claim is future-oriented that uses historical evidence
I cannot wait for Norway vs France 😳,Reaction,
Best Referees on any professional level pitch. They let the boys play and work for every possession.,Reaction,
This game was a hard watch,Reaction,
"I’m gonna receive a lot of backlash and push back on this….but I’m not impressed with Mexico at all. They haven’t looked convincing in the slightest bit. Don’t get me wrong I’m not saying they are a bad team. They topped the group and they won both their games and made the plays at the end of the day. But when I hear Mexico fans talk about this team I can’t tell if they’re talking about Mexico or Argentina lol. Against South Africa they scored off a goalkeeper error and had that goal handed to them, then South Africa went down to 9 men eventually and it ended 2-0. And in this match they did nothing in the first half and then another goal was handed to them through goalkeeper error. Aside from that they really haven’t generated much offense and look stale most of the time and kinda boring. Again this is not a bad team, I just think they are way overhyped and if they play like this they are getting bounced from the round of 32 real quick.",Analysis,
Korea had some nice chances. Great game overall. Korean goalie shouldve punched that flyball away.,Reaction,
Mexico are cooked against a better quality team,Prediction,
There's no playmaker in Korean team. Just stuck in limbo. Maybe because the coach is former center back so they playing defensively? Put Son on left wing again. Korean no 9 as lone striker.,Analysis,
"Poor tactics from Korea, they wanted to go long and use their size advantage but didn’t seem to have good corner routines which should have been a no brainer if you are playing for size advantage. Refused to go down the wings until late in the game, they have talent and can go into the next round with better game planning.",Analysis,tactical critique as the main point
"That match felt like a draw. The only reason Mexico got a goal was because the ball slid out of the goalie’s hands, tho good on Romo for capitalizing. South Korea is way more skilled than Mexico, but it seems that their teamwork is still lacking a bit.",Analysis,
Mexico better shape up fast or they’re one-and-done in the knockout rounds,Prediction,
"I honestly don't see them going through after this round. Home advantage will help, but they're honestly not that good.",Prediction,
Korea needed Son in the game. They took him out too early. He should play left wing and have the No. 9 Cho as the striker since he can actually get up and head the ball towards the goal. Korea played for the draw and paid the price with a goalie mistake.,Analysis,
Nothing tbh. We would just lose. We have gotten incredibly lucky in this group stage.,Prediction,
bro showing levels to the world again!!!!,Reaction,
Messi is the GOAT and it's not close,Reaction,
"The second half was different. France raised the tempo, used the width better, and eventually the physical and technical quality started to show. Mbappe staying in this kind of form is huge for them because he gives France a threat even when the team isn't playing perfectly.",Analysis,
"Man, ""First Half France"" and ""Second Half France"" are sometimes ontologically distinct entities. I thought France looked stuck in the mud in that first half. The chemistry wasn't there, Mbappe fumbled two different passes, and they just seemed like they were stuck in this warming up/training session phase. Then they turned it on in the second and looked like world beaters again. Terrible first half, great second.",Analysis,
"Mbappe needed to make contact with mane's challenge to guarantee the penalty. Mbappe tries to be smart and wanted the penalty without getting touched. Also, another game without any cards. This is getting obvious now, as there were easily two challenges that should have got yellows. The refs have been told to be lenient.",Analysis,
"Both teams took their chances and it was really a close fight. Ivory Coast had some of the most incredible offences in the game. And Germany kept creating countless attacks throughout the match, which obviously paid off in the end. And another thing, Nagelsmann knew exactly what he was doing with the substitutions. I think it's the first game this world cup where a substitute has scored a winning brace. Undav seriously played awesome.",Analysis,
Mbappe seems to came through when it matters the most. He is on a historic pace to become the all-time goal scorer in the WC.,Prediction,
"Fantastic match!!! Omg the last 15 mins of the game were incredible. I feel like Senegal got flustered after France scored their 1st goal which made it easier for France to score a 2nd and 3rd time. They played very well nonetheless and were able to hold their own going against a team like France. I’m very happy they were able to get a goal in, they deserved totally deserved it. France was a bit shaky in first half but they cleaned up their act wonderfully, especially during extra time!!! Mbappe is a goat, what more can you say?",Reaction,
Mbappe might break Kloses record if he keeps going like that,Prediction,
i just honestly don’t think that france will win this world cup,Prediction,
Lots of missed opportunities from Senegal for sure but I wish they could’ve had a second to celebrate that amazing goal 😅,Reaction,
"Yes, France won but they can't be sleeping in the first half if they want to progress",Prediction,"A ""softer"" prediction but there is no analysis and the reaction is very minimal"
The two goals from this game mean that Mbape now jumped Giroud to be France’s top goal scorer,Analysis,
That match was sensational. Best of the cup this far. My goodness. Senegal lost but clearly deserved their place at the cup this year.,Reaction,
"Even though Senegal looked spent, im glad they kept going at least. That was still entertaining. Some great goals.",Reaction,
QUALITY. Just Quality. Quality all day.,Reaction,
Best player in the world right there no question.,Reaction,
Mbappe is now 3rd (tied for 3rd) for most goals scored in World Cup history. More than Messi. Just 2 goals away from top goal scorer of all time. And he’s 27,Analysis,
"Colombia totally controlled the game from start to finish, deserved this win",Reaction,
"Uzbekistan had solid passages in the second half after being too passive in the first. Colombia had their moments and took advantage of them. They also had a higher quality of players but Lorenzo's tactics, James, and not making subs is going to limit their potential",Analysis,
This Colombia team is beating Portugal next.,Prediction,
"Colombia is one of my dark horse picks for the tournament, so I'm so happy to see them win (was definitely on the edge of my seat a few times). Both teams showed a lot of heart this game.",Reaction,
Colombia gonna go 1st in group K,Prediction,
The third goal by Colombia might be my fav goal of the tournament thus far.,Reaction,
I have a feeling that Cape Verde will beat Saudi Arabia and move to the next stage.,Prediction,
Cape Verde remain undefeated at world cup vs former world cup champions (3 times total),Analysis,
If Spain wins and Cape Verde wins. Uruguay out. Which would be the most likely outcome. But anything happens in soccer,Prediction,
"Uruguay is in an awkward spot. Not insurmountable, but very nerve-wracking. I still think they make it through to the next round.",Prediction,
Honestly felt like Ronaldo was their biggest weakness. Yes he’s a star striker. But he’s not got half the energy that anyone else on the team does. They played almost the entire game on the top field line and spent so much energy trying to get Ronaldo the ball who’s always heavily covered by the defense. I had higher hopes for Portugal but after watching that game…. Yikes.,Analysis,
Feels like Portugal’s only strategy is to cross the ball in the box so that Ronaldo can head it. They don’t build from the centre it’s all high crosses ( if that’s the plan just find Ronaldo then I doubt Portugal will go far),Analysis,The forecast is the conclusion that is derived from the tactical analysis. The main idea is the portugal's weak strategy so analysis
Portugal this team for me just like England. I mean when they are on fire do will strike a lot but when they play badly will get owned. Is like not stable team. Brazil opening game also not good in the sense they always quite arrogant and over confidence. Why Argentina play well due to Team work. They don't always just focus Goat Messi and always EPIC Messi will strike in the end.,Analysis,
Ronaldo truly is the most egotistical fraud in football History,Reaction,
Great showing by the curacao.,Reaction,
"When you set the standard and fail to meet the standard, you get criticized. There was a time when Brazil was synonymous with football. Gone are those days. This Brazil squad is NOT winning any tournaments any time soon…",Prediction,
Canada certainly the better squad but they could not finish. They are a quick attacking team that can scare a lot of mid fielders and backers on the opponent side. Definitely can’t finish at all though.,Analysis,
Korea winning the wc,Prediction,
"Canada was the better side, but struggled mightily in the attacking third. That’s not going to cut it against quality sides",Analysis,analysis dominant
Massive congrats to Japan! Their performance has been fire so far!,Reaction,
Tunisia had completely lost the will to fight after conceding the third goal.,Analysis,
That was kind of a boring game to be honest. The end was pretty exciting though!,Reaction,
Ecuador tops the best third-placed teams with 4 points and books a place in the next round!,Analysis,
"It's not that bad. The knockouts have an extra round of 32. So every team has to play one more match. Besides, 3rd teams which are actually weak will get filtered out quite soon in the knockouts. The strong teams can breeze through the round of 32 and 16 if they face mid tier teams",Analysis,"With context, the predictions mentioned are more like logical statements since weaker teams will naturally get filtered out. Main focus is analyzing the group layouts"
FASTEST GOAL JAPAN MADE IN WORLD CUP HISTORY! Japan scores against Tunisia under 6 minutes,Reaction,"Edge case (Analysis vs Reaction). Per revised Rule 9, the all-caps/exclamation delivery makes this a celebration, not a factual report. 'Remove the statistic' test: strip the record and only excitement remains, so the stat amplifies emotion rather than explaining a claim => Reaction. (Neutral record statements like the Ronaldo/Curaçao/Egypt posts stay Analysis.)"
I love the new system because we can see all teams fighting until last minute to score. It impacts their goal average. So even if they are losing there's still stakes for their ranking.,Analysis,Almost reaction but the body explains the mechanism so analysis
My fave match was Australia vs Turkey,Reaction,
Mexican midfielder Gilberto Mora Jr. will be the youngest player at the 2026 World Cup.,Analysis,
"France looked very complete in this match. Their midfield controlled the rhythm well, and whenever the game opened up, their forwards had the pace and quality to punish Iraq immediately.",Analysis,
"The Jordanian team is built for offense, but the coach put the 5-4-1 formation, also yazeed was sleeping, his injury really messed him up, he needs to be replaced by Nour bani attiah or abdallah Al-fakhouri",Analysis,
What an intense game! 👏👏,Reaction,
"That pressure index graph tells the whole story, Portugal controlled every single minute of this game",Analysis,
"poor Uzbeks, Asia definitely needs better goalkeepers",Reaction,
Wait till Portugal plays an actual team contender like Colombia. There you will see how solid Portugal really is or not as a team collectively. My bets are it will be a tied game or goal difference will by no more then 1 goal with Colombia taking the win if they have such a team disconnection like on the first game.,Prediction,
Cristiano Ronaldo is winning the World Cup!!! Let's go!!!,Prediction,
I think Argentina will make it to the end.,Prediction,
I am betting on Netherlands because of one experts prediction. He was right about the winners last 3 World Cups.,Prediction,
it’s most definitely argentina vs france again,Prediction,
"To be fair, Belgium's best chance was probably in 2018 when they were riding a wave of elite players for the national team who were all in their prime. They haven't been as great since with some of those top stars having faded a bit.",Analysis,
